cadi,pub,paper,lumi,category,name,model,comment,finalstate,crossSection,eTotm,eTotp,eStatm,eStatp,eSystm,eSystp,theoryCrossSection,eTheorym,eTheoryp,flag
EWK-10-005,1107.4789,JHEP 10 (2011) 132,0.036,EW,0,W,7 TeV,,9.53704e+07,944263,944263,185185,185185,925926,925926,9.66667e+07,2.5e+06,2.5e+06,2
SMP-12-011,1402.0923,PRL 112 (2014) 191802,0.018,EW,1,W,8 TeV,,1.13056e+08,3.71411e+06,3.71411e+06,277778,277778,3.7037e+06,3.7037e+06,1.12778e+08,2.96296e+06,2.96296e+06,2
SMP-15-004,https://cds.cern.ch/record/2093537,,0.043,EW,2,W,13 TeV,,1.84722e+08,9.55814e+06,9.55814e+06,1.11111e+06,1.11111e+06,9.49334e+06,9.49334e+06,1.82407e+08,4.76852e+06,4.76852e+06,2
SMP-00-000,,,5,EW,4,Wj,7 TeV,,1.29704e+07,2.08858e+06,2.08858e+06,190741,190741,2.07985e+06,2.07985e+06,1.18221e+07,481620,481620,1
SMP-00-000,,,5,EW,5,W2j,7 TeV,,2.47963e+06,477629,477629,95370.4,95370.4,468011,468011,2.20017e+06,78871.3,78871.3,1
SMP-00-000,,,5,EW,6,W3j,7 TeV,,391018,95698.6,95698.6,28611.1,28611.1,91321.6,91321.6,381346,16880.6,16880.6,1
SMP-00-000,,,5,EW,7,W4j,7 TeV,,56268.5,24567.3,24567.3,10490.7,10490.7,22214.7,22214.7,71280.6,3814.81,3814.81,1
SMP-12-023,1406.7533,PLB 741 (2015) 12,5,EW,8,Wj,7 TeV,,479800,19600,19600,18260,18260,7122.67,7122.67,473000,29000,29000,2
SMP-14-023,1610.04222,PRD 95 052002 (2017),19.6,EW,9,Wj,8 TeV,,629000,53500,53500,323,323,53499,53499,581000,11600,11600,2
SMP-16-005,1707.05979,PRD 96 (2017) 072005,2.2,EW,10,Wj,13 TeV,,1.07244e+06,29370,29370,29370,29370,0,0,1.14397e+06,88546.9,88546.9,2
SMP-12-023,1406.7533,PLB 741 (2015) 12,5,EW,11,W2j,7 TeV,,95620,9957,9957,8523,8523,5147.85,5147.85,94600,6650,6650,2
SMP-14-023,1610.04222,PRD 95 052002 (2017),19.6,EW,12,W2j,8 TeV,,130000,13800,13800,156,156,13799.1,13799.1,121000,4110,4110,2
SMP-16-005,1707.05979,PRD 96 (2017) 072005,2.2,EW,13,W2j,13 TeV,,239880,16761.6,16761.6,16761.6,16761.6,0,0,252558,22997.7,22997.7,2
SMP-12-023,1406.7533,PLB 741 (2015) 12,5,EW,14,W3j,7 TeV,,16550,2040,2040,2330,2330,nan,nan,16900,1600,1600,2
SMP-14-023,1610.04222,PRD 95 052002 (2017),19.6,EW,15,W3j,8 TeV,,24500,3390,3390,75.2,75.2,3389.17,3389.17,22000,1560,1560,2
SMP-16-005,1707.05979,PRD 96 (2017) 072005,2.2,EW,16,W3j,13 TeV,,50458.2,4714.95,4714.95,4714.95,4714.95,0,0,52982.8,5516.84,5516.84,2
SMP-12-023,1406.7533,PLB 741 (2015) 12,5,EW,17,W4j,7 TeV,,2927,482,482,516,516,nan,nan,2600,320,320,2
SMP-14-023,1610.04222,PRD 95 052002 (2017),19.6,EW,18,Wj,8 TeV,,4550,898,898,37.1,37.1,897.233,897.233,3170,369,369,2
SMP-16-005,1707.05979,PRD 96 (2017) 072005,2.2,EW,19,W4j,13 TeV,,11387.3,1463.35,1463.35,1463.35,1463.35,0,0,10228.1,997.195,997.195,2
SMP-12-023,1406.7533,PLB 741 (2015) 12,5,EW,20,W5j,7 TeV,,449,122,122,118,118,30.9839,30.9839,546,17,17,2
SMP-14-023,1610.04222,PRD 95 052002 (2017),19.6,EW,21,W5j,8 TeV,,785,231,231,18.1,18.1,230.29,230.29,612,58.8,58.8,2
SMP-16-005,1707.05979,PRD 96 (2017) 072005,2.2,EW,22,W5j,13 TeV,,2800.5,496.71,496.71,496.71,496.71,0,0,2071.02,203.858,203.858,2
SMP-12-023,1406.7533,PLB 741 (2015) 12,5,EW,23,W6j,7 TeV,,67.39,25.68,25.68,22.93,22.93,11.5619,11.5619,86.7,2,2,2
SMP-14-023,1610.04222,PRD 95 052002 (2017),19.6,EW,24,W6j,8 TeV,,120,65.3,65.3,8.79,8.79,64.7057,64.7057,110,24.9,24.9,2
SMP-16-005,1707.05979,PRD 96 (2017) 072005,2.2,EW,25,W6j,13 TeV,,590.264,159.609,159.609,159.609,159.609,0,0,409.315,31.5355,31.5355,2
SMP-12-002,1310.1138,JHEP 02 (2014) 013,5,EW,27,Wc,7 TeV,,107700,7648.53,7648.53,3300,3300,6900,6900,109900,6400,6400,2
SMP-18-013,2112.00895,Submitted to EPJC,19.7,EW,28,Wc,8 TeV,,117400,5433.23,5433.23,600,600,5400,5400,107500,6600,6500,2
SMP-17-014,1811.10021,EPJC 79 (2019) 269,35.7,EW,29,Wc,13 TeV,,1.026e+06,80230.9,80230.9,31000,31000,72000,76000,1.0302e+06,61277.4,61277.4,2
SMP-12-026,1312.6608,PLB 735 (2014) 204,5,EW,30,W2b,7 TeV,,530,119.583,119.583,50,50,108.628,108.628,550,59.1608,59.1608,2
SMP-14-020,1608.07561,EPJC 77 (2017) 92,19.8,EW,31,W2b,8 TeV,,620,122.066,122.066,30,30,118.322,118.322,510,63.2455,63.2455,2
EWK-10-005,1107.4789,JHEP 10 (2011) 132,0.036,EW,32,Z,7 TeV,,2.89364e+07,294103,294103,207962,207962,207962,207962,2.88176e+07,891266,891266,2
SMP-12-011,1402.0923,PRL 112 (2014) 191802,0.018,EW,33,Z,8 TeV,,3.41652e+07,1.11001e+06,1.11001e+06,297089,297089,1.06952e+06,1.06952e+06,3.3571e+07,1.18835e+06,1.18835e+06,2
SMP-15-011,https://cds.cern.ch/record/2140105,,2.3,EW,34,Z,13 TeV,,5.55556e+07,1.83859e+06,1.83859e+06,59417.7,59417.7,1.83763e+06,1.83763e+06,5.55556e+07,1.3369e+06,1.3369e+06,2
SMP-00-000,,,5,EW,35,Zj,7 TeV,,4.31153e+06,732910,732910,144682,144682,718487,718487,4.32372e+06,155389,155389,1
SMP-00-000,,,5,EW,36,Z2j,7 TeV,,781284,169357,169357,86809.3,86809.3,145416,145416,831801,27316,27316,1
SMP-00-000,,,5,EW,37,Z3j,7 TeV,,121533,42902.3,42902.3,31830.1,31830.1,28765.5,28765.5,147358,6221.33,6221.33,1
SMP-00-000,,,5,EW,38,Z4j,7 TeV,,25174.7,17209.5,17209.5,14468.2,14468.2,9318.74,9318.74,27033.5,2421.98,2421.98,1
SMP-12-017,1408.3104,PRD 91 (2015) 052008,5,EW,39,Zj,7 TeV,,61430,3190,3190,3190,3190,0,0,63500,2653.77,2653.77,2
SMP-14-013,1611.03844,JHEP 04 (2017) 022,19.6,EW,40,Zj,8 TeV,,75537.7,3801.32,3801.32,100,100,3800,3800,76228.4,5400,5300,2
SMP-16-015,1804.05252,EPJC 78 (2018) 965,2.19,EW,41,Zj,13 TeV,,126200,7193.4,7193.4,290.26,290.26,7187.54,7187.54,132149,9510,9170,2
SMP-12-017,1408.3104,PRD 91 (2015) 052008,5,EW,42,Z2j,7 TeV,,12910,1540,1540,1540,1540,0,0,11500,1882.15,1882.15,2
SMP-14-013,1611.03844,JHEP 04 (2017) 022,19.6,EW,43,Z2j,8 TeV,,15637.7,1200,1200,1200,1200,1200,1200,15228.4,1400,1300,2
SMP-16-015,1804.05252,EPJC 78 (2018) 965,2.19,EW,44,Z2j,13 TeV,,28300,2264,2264,147.16,147.16,2259.21,2259.21,29685.2,2780,2530,2
SMP-12-017,1408.3104,PRD 91 (2015) 052008,5,EW,45,Z3j,7 TeV,,2500,380,380,380,380,0,0,2100,618.466,618.466,2
SMP-14-013,1611.03844,JHEP 04 (2017) 022,19.6,EW,46,Z3j,8 TeV,,3037.7,290.689,290.689,20,20,290,290,2728.37,320,320,2
SMP-16-015,1804.05252,EPJC 78 (2018) 965,2.19,EW,47,Z3j,13 TeV,,6010,661.1,661.1,66.11,66.11,657.786,657.786,6354.39,645,655,2
SMP-12-017,1408.3104,PRD 91 (2015) 052008,5,EW,48,Z4j,7 TeV,,474,82,82,82,82,0,0,360,148.071,148.071,2
SMP-14-013,1611.03844,JHEP 04 (2017) 022,19.6,EW,49,Z4j,8 TeV,,577.7,75.326,75.326,7,7,75,75,458.37,53,49,2
SMP-16-015,1804.05252,EPJC 78 (2018) 965,2.19,EW,50,Z4j,13 TeV,,1330,159.6,159.6,37.24,37.24,155.195,155.195,1260,124,121,2
SMP-12-017,1408.3104,PRD 91 (2015) 052008,5,EW,51,Z5j,7 TeV,,79,15,15,15,15,0,0,67,28.2312,28.2312,2
SMP-14-013,1611.03844,JHEP 04 (2017) 022,19.6,EW,52,Z5j,8 TeV,,106.7,18.2483,18.2483,3,3,18,18,73.37,8.4,7.3,2
SMP-16-015,1804.05252,EPJC 78 (2018) 965,2.19,EW,53,Z5j,13 TeV,,320,44.8,44.8,15.36,15.36,42.0846,42.0846,262,29.6,29.6,2
SMP-12-017,1408.3104,PRD 91 (2015) 052008,5,EW,54,Z6j,7 TeV,,11.6,3.7,3.7,3.7,3.7,0,0,13.9,9.94636,9.94636,2
SMP-14-013,1611.03844,JHEP 04 (2017) 022,19.6,EW,55,Z6j,8 TeV,,16.6,4.68402,4.68402,1.3,1.3,4.5,4.5,11.17,1.3,1.1,2
SMP-16-015,1804.05252,EPJC 78 (2018) 965,2.19,EW,56,Z6j,13 TeV,,45,10.8,10.8,6.75,6.75,8.43075,8.43075,55.2,5.82,5.44,2
SMP-14-013,1611.03844,JHEP 04 (2017) 022,19.6,EW,57,Z7j,13 TeV,,2.3,0.787464,0.787464,0.6,0.6,0.51,0.51,1.57,0.19,0.13,2
SMP-15-009,1711.02143,EPJC 78 (2018) 287,19.6,EW,58,Zc,8 TeV,,8800,781.025,781.025,500,500,600,600,9460,523.546,523.546,2
SMP-19-011,2012.04119,JHEP 04 (2021) 109,35.9,EW,59,Zc,13 TeV,,13621.4,817.944,817.944,188.16,188.16,796.008,796.008,17636.6,393.12,393.12,2
SMP-13-004,1402.1521,JHEP 06 (2014) 120,5,EW,60,Z1b,7 TeV,,3880,220,220,20,20,219.089,219.089,3990,270,270,2
SMP-14-010,1611.06507,EPJC 77 (2017) 751,19.6,EW,61,Z1b,8 TeV,,3550,210,210,120,120,172.337,172.337,4230,370,270,2
SMP-20-015,2112.09659,Submitted to Phys. Rev. D,137,EW,62,Z1b,13 TeV,,6520,425.676,425.676,40,40,423.792,423.792,7030,470,470,2
SMP-13-004,1402.1521,JHEP 06 (2014) 120,5,EW,63,Z2b,7 TeV,,360,70,70,10,10,69.282,69.282,290,40,40,2
SMP-14-010,1611.06507,EPJC 77 (2017) 751,19.6,EW,64,Z2b,8 TeV,,331,35,35,11,11,33.2265,33.2265,356,31,30,2
SMP-20-015,2112.09659,Submitted to Phys. Rev. D,137,EW,65,Z2b,13 TeV,,650,78.7401,78.7401,30,30,72.8011,72.8011,770,70,70,2
EWK-11-009,1308.6832,PRD 89 (2014) 092005,5.0,DB,70,W$\gamma$,7 TeV,,342593,38488.1,38488.1,7407.41,7407.41,37768.5,37768.5,294537,16666.7,16666.7,1
SMP-19-002,2102.02283,PRL 126 252002 (2021),137,DB,71,W$\gamma$,13 TeV,,144259,6915.99,6915.99,462.963,462.963,6900.48,6900.48,142593,11149.6,11149.6,1
SMP-20-011,https://cds.cern.ch/record/2809554,,138,DB,72,W$\gamma$2j,13 TeV,,90,10.2859,10.3228,1.6,1.6,10.1607,10.198,91.8367,10,10,2
EWK-11-009,1308.6832,PRD 89 (2014) 092005,5.0,DB,73,Z$\gamma$,7 TeV,,158348,8574.25,8574.25,2376.71,2376.71,8238.27,8238.27,161913,8021.39,8021.39,1
SMP-13-014,1502.05664,JHEP 04 (2015) 164,19.5,DB,74,Z$\gamma$,8 TeV,,188246,10356.2,10356.2,1733.72,1733.72,10210.1,10210.1,191622,10949.8,10949.8,1
SMP-20-016,2106.11082,PRD 104 072001 (2021),137,DB,75,Z$\gamma$2j,13 TeV,,14.7,1.49251,1.49251,0.8,0.8,1.26,1.26,13.3,0.1,1.72,2
SMP-12-005,1306.1126,EPJC 73 (2013) 2610,4.9,DB,77,WW,7 TeV,,52400,5068.3,5068.3,2000,2000,4657,4657,49040,956.28,956.28,1
SMP-14-016,1507.03268,EPJC 76 (2016) 401,19.4,DB,78,WW,8 TeV,,60100,4818.71,4818.71,900,900,4733.92,4733.92,59840,1226.72,1226.72,1
SMP-18-004,2009.00119,PRD 102 092001 (2020),35.9,DB,79,WW,13 TeV,,117600,6786.75,6786.75,1400,1400,6640.78,6640.78,118800,3600,3600,1
SMP-14-014,1609.05721,EPJC 77 (2017) 236,4.9,DB,82,WZ,7 TeV,,20140,1792.46,1792.46,1320,1320,1212.64,1212.64,19180,345.24,326.06,1
SMP-14-014,1609.05721,EPJC 77 (2017) 236,19.6,DB,83,WZ,8 TeV,,24090,1792.46,1792.46,870,870,1738.19,1738.19,23680,420.84,426.24,1
SMP-20-014,2110.11231,Submitted to JHEP,137,DB,84,WZ,13 TeV,,50600,2718.46,2718.46,800,800,2598.08,2598.08,50070,1000,1100,1
SMP-14-014,1609.05721,EPJC 77 (2017) 236,19.6,DB,86,WZ0j,8 TeV,,58.7098,7.92566,7.92566,7.0888,7.0888,3.54472,3.54472,52.8922,0.0181764,0.0181764,2
SMP-14-014,1609.05721,EPJC 77 (2017) 236,19.6,DB,87,WZj,8 TeV,,19.1579,4.48497,4.48497,4.03516,4.03516,1.95766,1.95766,22.3606,0.109058,0.109058,2
SMP-14-014,1609.05721,EPJC 77 (2017) 236,19.6,DB,88,WZ2j,8 TeV,,7.67044,2.69967,2.69967,2.50834,2.50834,0.998214,0.998214,3.37829,0.0363528,0.0363528,2
SMP-12-007,1211.4890,JHEP 01 (2013) 063,4.9,DB,90,ZZ,7 TeV,,6240,962.945,962.945,860,860,433.2,433.2,6460,171.19,171.19,1
SMP-13-005,1406.0113,PLB 740 (2015) 250,19.6,DB,91,ZZ,8 TeV,,7700,807.752,807.752,500,500,634.4,634.4,7960,222.88,222.88,1
SMP-19-001,2009.01186,EPJC 81 (2021) 200,137,DB,92,ZZ,13 TeV,,17200,768.115,768.115,300,300,707.107,707.107,16500,500,600,1
SMP-17-005,1806.11073,PLB 789 (2019) 19,19.7,DB,94,ZZ0j,8 TeV,,16.3,1.58205,1.58205,1.2,1.2,0.984886,1.07703,13.2,0.7,0.9,2
SMP-17-005,1806.11073,PLB 789 (2019) 19,35.9,DB,95,ZZ0j,13 TeV,,28.3,2.21425,2.21425,1.3,1.3,1.74642,1.83848,23.6,0.9,0.8,2
SMP-17-005,1806.11073,PLB 789 (2019) 19,19.7,DB,96,ZZj,8 TeV,,3.2,0.678233,0.678233,0.6,0.6,0.316228,0.316228,4,0.3,0.5,2
SMP-17-005,1806.11073,PLB 789 (2019) 19,35.9,DB,97,ZZj,13 TeV,,8.1,1.14891,1.14891,0.8,0.8,0.824621,0.824621,9.7,0.4,0.4,2
SMP-17-005,1806.11073,PLB 789 (2019) 19,19.7,DB,98,ZZ2j,8 TeV,,0.8,0.316228,0.316228,0.3,0.3,0.1,0.1,1.2,0.1,0.2,2
SMP-17-005,1806.11073,PLB 789 (2019) 19,35.9,DB,99,ZZ2j,13 TeV,,3,0.648074,0.591608,0.5,0.5,0.412311,0.316228,4,0.2,0.3,2
SMP-17-005,1806.11073,PLB 789 (2019) 19,19.7,DB,100,ZZ3j,8 TeV,,0.14,0.100499,0.100499,0.1,0.1,0.01,0.01,0.3,0.1,0.1,2
SMP-17-005,1806.11073,PLB 789 (2019) 19,35.9,DB,101,ZZ3j,13 TeV,,1.3,0.447214,0.5,0.4,0.4,0.2,0.3,1.7,0.1,0.1,2
SMP-19-014,2006.11191,PRL 125 151802 (2020),137,TB,102,VVV,13 TeV,,1010,233.238,258.07,200,210,120,150,992.1,10,10,1
SMP-19-014,2006.11191,PRL 125 151802 (2020),137,TB,103,WWW,13 TeV,,590,198.494,226.274,150,160,130,160,509.4,10,10,1
SMP-19-014,2006.11191,PRL 125 151802 (2020),137,TB,104,WWZ,13 TeV,,300,107.703,130,100,120,40,50,354,3.5,3.5,1
SMP-19-014,2006.11191,PRL 125 151802 (2020),137,TB,105,WZZ,13 TeV,,200,111.803,174.643,110,160,20,70,91.6,0.92,0.92,1
SMP-19-014,2006.11191,PRL 125 151802 (2020),137,TB,106,ZZZ,13 TeV,,200,200,0,200,0,0,0,37.1,0.37,0.37,1
SMP-13-009,1404.4619,PRD 90 032008 (2014),19.3,TB,107,WV$\gamma$,8 TeV,,311,311,0,311,0,0,0,91.6,21.7,21.7,1
SMP-15-008,1704.00366,JHEP 10 (2017) 072,19.4,TB,108,W$\gamma\gamma$,8 TeV,,4.9,2.12838,2.12838,1.4,1.4,1.60312,1.60312,4.76,0.53,0.53,1
SMP-19-013,2105.12780,JHEP 10 (2021) 174,19.4,TB,109,W$\gamma\gamma$,13 TeV,,13.63,4.44285,4.47805,1.89,1.93,4.0208,4.04079,18.7,0.123693,0.123693,1
SMP-15-008,1704.00366,JHEP 10 (2017) 072,19.4,TB,110,Z$\gamma\gamma$,8 TeV,,12.7,2.3,2.3,1.4,1.4,1.82483,1.82483,12.95,1.47,1.47,1
SMP-19-013,2105.12780,JHEP 10 (2021) 174,19.4,TB,111,Z$\gamma\gamma$,13 TeV,,5.41,0.892244,0.865794,0.55,0.58,0.702567,0.642806,5.96,0.245153,0.245153,1
SMP-13-012,1607.06975,JHEP 11 (2016) 147,19.3,VBS,112,VBF W,8 TeV,,420,98.9949,98.9949,40,40,90.5538,90.5538,500,28.2843,28.2843,1
SMP-17-011,1903.04040,EPJC 80 (2020) 43,35.9,VBS,113,VBF W,13 TeV,,6230,621.691,621.691,120,120,610,610,6810,266.833,261.725,1
FSQ-12-019,1305.7389,JHEP 10 (2013) 101,5.0,VBS,114,VBF Z,7 TeV,,154,58.5662,58.5662,24,24,53.4228,53.4228,166,6,6,1
FSQ-12-035,1410.3153,EPJC 75 (2015) 66,19.7,VBS,115,VBF Z,8 TeV,,174,42.72,42.72,15,15,40,40,208,18,18,1
SMP-16-018,1712.09814,EPJC 78 (2018) 589,35.9,VBS,116,VBF Z,13 TeV,,534,60.407,60.407,20,20,57,57,543,23.7697,23.0868,1
SMP-20-013,2112.05259,Submitted to PLB,138,VBS,117,EW WV,13 TeV,,1895.5,482.582,501.13,267.6,267.6,379.1,423.7,2230,120.83,94.3398,1
FSQ-13-008,1604.04464,JHEP 08 (2016) 119,19.7,VBS,119,ex. $\gamma\gamma\rightarrow$WW,8 TeV,,21.6,9.2,9.2,9.2,9.2,9.2,9.2,12.4,1,1,1
SMP-14-011,1612.09256,JHEP 06 (2017) 106,19.7,VBS,120,EW qqW$\gamma$,8 TeV,,10.8,5.33479,5.33479,4.1,4.1,3.41321,3.41321,6.1,1.21655,1.21655,1
SMP-21-011,https://cds.cern.ch/record/2809554,,138,VBS,121,EW qqW$\gamma$,13 TeV,,19.2,3.95813,3.95813,2.3,2.3,3.1305,3.3121,21.728,3.4,3.4,1
SMP-21-0011,2205.05711,Submitted to PLB,138,VBS,122,EW os WW,13 TeV,,10.2,2,2,1.3362,1.3362,1.5198,1.5198,9.1,0.6,0.6,1
SMP-13-015,1410.6315,PRL 114 051801 (2015),19.4,VBS,123,EW ss WW,8 TeV,,4,2.43772,2.43772,2.2,2.2,1.05,1.05,5.8,1.2,1.2,1
SMP-17-004,1709.05822,PRL 120 081801 (2018),137,VBS,124,EW ss WW,13 TeV,,3.98,0.446542,0.446542,0.37,0.37,0.25,0.25,3.31,0.47,0.47,1
SMP-14-018,1702.03025,PLB 770 (2017) 380,19.7,VBS,125,EW qqZ$\gamma$,8 TeV,,1.86,0.940957,1.10009,0.75,0.89,0.568243,0.646607,1.26,0.12083,0.12083,1
SMP-20-016,2106.11082,PRD 104 072001 (2021),137,VBS,126,EW qqZ$\gamma$,13 TeV,,5.21,0.764199,0.764199,0.52,0.52,0.56,0.56,4.34,0.266833,0.266833,1
SMP-19-012,2005.01173,PLB 809 (2020) 135710,137,VBS,127,EW qqWZ,13 TeV,,1.81,0.41,0.41,0.39,0.39,0.14,0.14,1.24,0.18,0.18,1
SMP-20-001,2008.07013,PLB 812 (2020) 135992,137,VBS,128,EW qqZZ,13 TeV,,0.33,0.104403,0.117047,0.1,0.11,0.03,0.04,0.278,0.017,0.017,1
TOP-13-004,1603.02303,JHEP 08 (2016) 029,5,TOP,129,tt,7 TeV,,173600,6232.98,6253,2100,2100,5868.56,5889.82,177300,10816.7,10153.3,1
TOP-13-004,1603.02303,JHEP 08 (2016) 029,19.7,TOP,130,tt,8 TeV,,244900,8553.95,9089,1400,1400,8438.6,8980.53,252900,14520.7,13336,1
TOP-20-001,2108.02803,Accepted by PRD,137,TOP,131,tt,13 TeV,,791000,25218.3,25245.7,560,560,25212.1,25239.5,832000,46000,40000,1
TOP-16-008,1610.04191,PRD 95 092001 (2017),2.3,TOP,134,tt0j,13 TeV,,97000,7280.11,7280.11,2000,2000,7000,7000,100000,9000,9000,3
TOP-16-008,1610.04191,PRD 95 092001 (2017),2.3,TOP,135,ttj,13 TeV,,77000,11180.3,11180.3,2000,2000,11000,11000,72960,8630,8630,3
TOP-16-008,1610.04191,PRD 95 092001 (2017),2.3,TOP,138,tt2j,13 TeV,,36000,6082.76,6082.76,1000,1000,6000,6000,36930,4900,4900,3
TOP-16-008,1610.04191,PRD 95 092001 (2017),2.3,TOP,141,tt3j,13 TeV,,12700,3157.53,3157.53,600,600,3100,3100,15170,2490,2490,3
TOP-16-008,1610.04191,PRD 95 092001 (2017),2.3,TOP,142,tt4j,13 TeV,,5900,2109.5,2109.5,200,200,2100,2100,8060,1970,1970,3
TOP-20-003,2012.09225,PLB 820 (2021) 136565,41.5,TOP,143,tt2c,13 TeV,,8000,1702.94,1702.94,1100,1100,1300,1300,8900,1500,1500,2
TOP-20-003,2012.09225,PLB 820 (2021) 136565,35.9,TOP,144,tt2b,13 TeV,,4090,646.607,646.607,340,340,550,550,3390,660,660,2
TOP-11-021,1209.4533,JHEP 12 (2012) 035,1.6,TOP,145,t$_{t-ch}$,7 TeV,,67200,6100,6100,3700,3700,4847.68,4847.68,65900,1900,2400,1
TOP-12-038,1403.7366,JHEP 06 (2014) 090,5,TOP,146,t$_{t-ch}$,8 TeV,,83600,7749.19,7749.19,2300,2300,7400,7400,87200,2416.61,3440.93,1
TOP-16-003,1610.00678,PLB 72 (2017) 752,2.3,TOP,147,t$_{t-ch}$,13 TeV,,232000,32015.6,32034.4,13000,13000,29257.5,29278,217000,7720.1,9055.39,1
TOP-11-022,1209.3489,PRL 110 (2013) 022003,4.9,TOP,148,tW,7 TeV,,16000,4000,5000,4000,5000,0,0,15600,1264.91,1077.03,1
TOP-12-040,1401.2942,PRL 112 (2014) 231802,19.7,TOP,149,tW,8 TeV,,23400,5400,5400,5400,5400,0,0,22200,1500,1500,1
TOP-17-018,1805.07399,JHEP 10 (2018) 117,35.9,TOP,150,tW,13 TeV,,63100,6972.09,6972.09,1800,1800,6735.73,6735.73,71700,3847.08,3847.08,1
TOP-13-009,1603.02555,JHEP 09 (2016) 027,19.7,TOP,152,t$_{s-ch}$,8 TeV,,13400,5161.88,5161.88,3650,3650,3650,3650,5550,224.722,224.722,1
TOP-14-008,1706.08128,JHEP 10 (2017) 006,19.7,TOP,153,tt$\gamma$,8 TeV,,3527.4,739.726,739.726,739.726,739.726,0,0,4054.79,527.931,527.931,1
TOP-21-004,2201.07301,Submitted to JHEP,138,TOP,154,tt$\gamma$,13 TeV,,1188.36,46.424,46.424,17.1233,17.1233,43.1507,43.1507,1047.95,184.932,184.932,1
TOP-12-039,1702.01404,JHEP 07 (2017) 003,19.7,TOP,155,tZq,8 TeV,,289.487,202.641,231.589,202.641,231.589,0,0,236,11.7047,15.5563,1
TOP-20-010,2111.02860,Submitted to JHEP,138,TOP,156,tZq,13 TeV,,870.469,93.5763,103.646,72.2915,74.2721,59.4177,72.2915,932.858,30.5069,31.0959,1
TOP-12-014,1303.3239,PRL 110 (2013) 172002,5,TOP,157,ttZ,7 TeV,,280,114.018,152.315,110,140,30,60,137,16,12,1
TOP-14-021,1510.01131,JHEP 01 (2016) 096,19.8,TOP,158,ttZ,8 TeV,,242,55,65,55,65,0,0,206,24,19,1
TOP-18-009,1907.11270,JHEP 03 (2020) 056,77.5,TOP,159,ttZ,13 TeV,,950,78.1025,78.1025,50,50,60,60,860,85.44,76.1577,1
TOP-17-016,1808.02913,PRL 121 221802 (2018),35.9,TOP,160,t$\gamma$,13 TeV,,1064.81,319.277,319.277,157.407,157.407,277.778,277.778,750,37.037,37.037,1
TOP-14-021,1510.01131,JHEP 01 (2016) 096,19.5,TOP,161,ttW,8 TeV,,382,102,117,102,117,0,0,203,23,21,1
TOP-21-011,https://cds.cern.ch/record/2804479,,138,TOP,162,ttW,13 TeV,,868,64.0312,65.6049,40,40,50,52,592,96.7471,155.464,1
TOP-18-003,1908.06463,EPJC 80 (2020) 75,137,TOP,164,tttt,13 TeV,,12.6,5.2,5.8,5.2,5.8,0,0,12,2.5,2.2,1
HIG-14-009,1412.8662,EPJC 75 (2015) 212,5.1,HIG,167,ggH,7 TeV,,15583.9,4992.9,5598.1,4992.9,5598.1,0,0,15130,1596.22,1573.52,1
HIG-14-009,1412.8662,EPJC 75 (2015) 212,19.5,HIG,168,ggH,8 TeV,,15223.3,3275.9,3661.3,3275.9,3661.3,0,0,19270,2006.01,2004.08,1
HIG-19-005,https://cds.cern.ch/record/2706103,,137,HIG,169,ggH,13 TeV,,50523.2,4372.2,4372.2,2429,2429,3400.6,3886.4,48580,3753.89,2929.74,1
HIG-14-009,1412.8662,EPJC 75 (2015) 212,5.1,HIG,171,VBF qqH,7 TeV,,2162.94,1099.8,1209.78,1099.8,1209.78,0,0,1222,37.5735,37.5576,1
HIG-14-009,1412.8662,EPJC 75 (2015) 212,19.5,HIG,172,VBF qqH,8 TeV,,1609.56,568.08,615.42,568.08,615.42,0,0,1578,48.5542,48.5798,1
HIG-19-005,https://cds.cern.ch/record/2706103,,137,HIG,173,VBF qqH,13 TeV,,2836.27,718.523,718.523,567.255,605.072,302.536,378.17,3781.7,114.573,115.046,1
HIG-14-009,1412.8662,EPJC 75 (2015) 212,19.5,HIG,175,VH,8 TeV,,1075.1,436.761,459.159,436.761,459.159,0,0,1119.9,34.2144,34.2144,1
HIG-19-005,https://cds.cern.ch/record/2706103,,137,HIG,177,WH,13 TeV,,2004.58,480.55,508.01,384.44,398.17,288.33,302.06,1373,27.8011,26.9752,1
HIG-19-005,https://cds.cern.ch/record/2706103,,137,HIG,178,ZH,13 TeV,,866.026,256.273,273.947,220.925,229.762,132.555,150.229,883.7,33.4548,36.4359,1
HIG-14-009,1412.8662,EPJC 75 (2015) 212,19.5,HIG,180,ttH,8 TeV,,422.811,134.472,155.16,134.472,155.16,0,0,129.3,10.79,7.76017,1
HIG-19-005,https://cds.cern.ch/record/2706103,,137,HIG,181,ttH,13 TeV,,578.094,101.42,106.491,65.923,65.923,76.065,86.207,507.1,50.0978,34.6168,1
HIG-19-008,2011.03652,EPJC 81 (2021) 378,137,HIG,182,tH,13 TeV,,510.15,361.23,361.23,241.65,241.65,268.5,268.5,89.5,2.2375,2.2375,1
HIG-20-010,https://cds.cern.ch/record/2803419,,138,HIG,189,HH ,13 TeV,,110.385,110.385,0,110.385,0,0,0,33.45,2.8,2.4,1
HIG-17-028,1812.06504,PLB 792 (2019) 369,35.9,HIG,196,H0j,13 TeV,,47,6.4,6.2,6.4,6.2,0,0,35.71,2.30544,2.30544,2
HIG-17-028,1812.06504,PLB 792 (2019) 369,35.9,HIG,197,Hj,13 TeV,,11,3.4,3.7,3.4,3.7,0,0,14.03,1.08817,1.08817,2
HIG-17-028,1812.06504,PLB 792 (2019) 369,35.9,HIG,198,H2j,13 TeV,,3.5,1.7,1.9,1.7,1.9,0,0,4.153,0.421114,0.421114,2
HIG-17-028,1812.06504,PLB 792 (2019) 369,35.9,HIG,199,H3j,13 TeV,,1.8,1.5,1.7,1.5,1.7,0,0,1.098,0.146144,0.146144,2
HIG-17-028,1812.06504,PLB 792 (2019) 369,35.9,HIG,200,H4j,13 TeV,,1.2,0.88,0.83,0.88,0.83,0,0,0.6357,0.0710077,0.0710077,2
