label,cadi,arxiv,paper,lumi,category,process,com,finalstate,xs,tot_down,tot_up,stat_down,stat_up,syst_down,syst_up,xs_theory,theory_down,theory_up
cmsin,FWD-11-001,1210.6718,Phys. Lett. B 722 (2013) 5,2.78e-9,QCD,inelastic,7,,6.02e+08,2.64764e+07,2.64764e+07,2e+06,2e+06,2.64008e+07,2.64008e+07,6.02e+08,0,0
cmsin13,FSQ-15-005,1802.02613,JHEP 07 (2018) 161, 40.8e-9,QCD,inelastic,13,,6.75e+08,1.78885e+07,1.78885e+07,1.78885e+07,1.78885e+07,1.78885e+07,1.78885e+07,6.75e+08,0,0
incj276,SMP-14-017,1512.06212,EPJC 76 (2016) 265,5.43,QCD,Jet,2.76,,787000,49469.6,49469.6,6800,6800,49000,49000,777000,33000,40000
incj,QCD-11-004,1212.6660,PRD 87 (2013) 112002,5,QCD,Jet,7,,8.52e+06,616604,616604,90000,90000,610000,610000,8.76e+06,440000,390000
incj8,SMP-14-017,1609.05331,JHEP 03 (2017) 156,19.7,QCD,Jet,8,,1.122e+07,606012,606012,35000,35000,600000,610000,1.165e+07,330000,270000
incj13,SMP-20-011,2111.10431,JHEP 02 (2022) 142,33.5,QCD,Jet,13,,1.523e+07,703295,703295,68000,68000,700000,700000,1.498e+07,570000,420000
incg,QCD-10-037,1108.2044,PRD 84 052011 (2011),0.036,EW,$\gamma$,7,,3.96157e+07,6.95258e+06,6.95258e+06,724239,724239,6.91476e+06,6.91476e+06,4.29432e+07,8.3253e+06,8.3253e+06
gj,QCD-11-005,1311.6141,JHEP 06 (2014) 009,2.1,EW,$\gamma \! \geq \!$1j,7,,8.01e+06,750267,750267,110000,110000,742159,742159,7.97e+06,1.11306e+06,1.11306e+06
W276,HIN-11-008,1205.6334,PLB 715 (2012) 66,0.000231,EW,W,2.76,,3.83e+06,341321,341321,180000,180000,290000,290000,3.53406e+06,14504.2,10898.4
Wp276,HIN-11-008,1205.6334,PLB 715 (2012) 66,0.000231,EW,W+,2.76,,2.38e+06,228035,228035,140000,140000,180000,180000,2.11e+06,100000,100000
Wm276,HIN-11-008,1205.6334,PLB 715 (2012) 66,0.000231,EW,W-,2.76,,1.45e+06,155563,155563,110000,110000,110000,110000,1.29e+06,50000,50000
W276fid,HIN-11-008,1205.6334,PLB 715 (2012) 66,0.000231,EW,W,2.76,,2.22e+06,188680,188680,100000,100000,160000,160000,2.04e+06,90000,90000
Wp276fid,HIN-11-008,1205.6334,PLB 715 (2012) 66,0.000231,EW,W+,2.76,,1.44e+06,128062,128062,80000,80000,100000,100000,1.32e+06,60000,60000
Wm276fid,HIN-11-008,1205.6334,PLB 715 (2012) 66,0.000231,EW,W,2.76,,770000,78102.5,78102.5,60000,60000,50000,50000,720000,30000,30000
W5,To be submitted to JHEP,https://cds.cern.ch/record/2868090,,0.298,EW,W,5.02,,7.3e+06,152643,152643,10000,10000,152315,152315,7.15338e+06,38086.6,30418.1
Wp5,To be submitted to JHEP,https://cds.cern.ch/record/2868090,,0.298,EW,W^+,5.02,,4.401e+06,91476.8,91476.8,4000,4000,91389.3,91389.3,4.391e+06,50000,47000
Wm5,To be submitted to JHEP,https://cds.cern.ch/record/2868090,,0.298,EW,W^-,5.02,,2.897e+06,60967.2,60967.2,4000,4000,60835.8,60835.8,2.881e+06,33000,31000
W5fid,To be submitted to JHEP,https://cds.cern.ch/record/2868090,,0.298,EW,W,5.02,,4e+06,76850.5,76850.5,3000,3000,76791.9,76791.9,3.995e+06,38000,38000
Wp5fid,To be submitted to JHEP,https://cds.cern.ch/record/2868090,,0.298,EW,W^+,5.02,,2.475e+06,47717.9,47717.9,2000,2000,47676,47676,2.476e+06,24000,24000
Wm5fid,To be submitted to JHEP,https://cds.cern.ch/record/2868090,,0.298,EW,W^-,5.02,,1.525e+06,29495.8,29495.8,2000,2000,29427.9,29427.9,1.519e+06,18000,18000
W,EWK-10-005,1107.4789,JHEP 10 (2011) 132,0.036,EW,W,7,,1.03e+07,434166,434166,20000,20000,433705,433705,1.03272e+07,62544.4,48878.5
Wp,EWK-10-005,1107.4789,JHEP 10 (2011) 132,0.036,EW,W^{ +},7,,6040,260.768,260.768,20,20,260,260,6150,170,170
Wm,EWK-10-005,1107.4789,JHEP 10 (2011) 132,0.036,EW,W^{ -},7,,4260,188.414,188.414,10,10,188.149,188.149,4290,110,110
W8,SMP-12-011,1402.0923,PRL 112 (2014) 191802,0.018,EW,W,8,,1.221e+07,401123,401123,30000,30000,400000,400000,1.1921e+07,73032,59979.1
Wp8,SMP-12-011,1402.0923,PRL 112 (2014) 191802,0.018,EW,W^+,8,,7.11e+06,230000,230000,30000,30000,228035,228035,7.12e+06,200000,200000
Wm8,SMP-12-011,1402.0923,PRL 112 (2014) 191802,0.018,EW,W^-,8,,5.09e+06,171464,171464,20000,20000,170294,170294,5.06e+06,130000,130000
W8fid,SMP-12-011,1402.0923,PRL 112 (2014) 191802,0.018,EW,W,8,,5.42e+06,153623,153623,20000,20000,152315,152315,5.43e+06,160000,160000
Wp8fid,SMP-12-011,1402.0923,PRL 112 (2014) 191802,0.018,EW,W^+,8,,3.16e+06,90000,90000,10000,10000,89442.7,89442.7,3.18e+06,100000,100000
Wm8fid,SMP-12-011,1402.0923,PRL 112 (2014) 191802,0.018,EW,W^-,8,,2.26e+06,64031.2,64031.2,10000,10000,63245.6,63245.6,2.25e+06,70000,70000
W13,To be submitted to JHEP,https://cds.cern.ch/record/2868090,,0.206,EW,W,13,,2.048e+07,499900,499900,10000,10000,499800,499800,1.9748e+07,139570,108954
Wp13,To be submitted to JHEP,https://cds.cern.ch/record/2868090,,0.206,EW,W,13,,1.18e+07,288097,288097,10000,10000,287924,287924,1.154e+07,130000,100000
Wm13,To be submitted to JHEP,https://cds.cern.ch/record/2868090,,0.206,EW,W,13,,8.67e+06,215639,215639,10000,10000,215407,215407,8.526e+06,97000,69000
W13fid,To be submitted to JHEP,https://cds.cern.ch/record/2868090,,0.206,EW,W,13,,9.11e+06,212368,212368,10000,10000,212132,212132,8.932e+06,90000,90000
Wp13fid,To be submitted to JHEP,https://cds.cern.ch/record/2868090,,0.201,EW,W,13,,5.17e+06,121721,121721,4000,4000,121655,121655,5.061e+06,62000,62000
Wm13fid,To be submitted to JHEP,https://cds.cern.ch/record/2868090,,0.206,EW,W,13,,3.932e+06,90183.2,90183.2,4000,4000,90094.4,90094.4,3.871e+06,45000,45000
W1jetn,SMP-12-023,1406.7533,PLB 741 (2015) 12,5,EW,W$ \! \geq \!$1j,7,,479800,19600,19600,18260,18260,7122.67,7122.67,473000,29000,29000
W1jet8n,SMP-14-023,1610.04222,PRD 95 052002 (2017),19.6,EW,W$ \! \geq \!$1j,8,,629000,53500,53500,323,323,53499,53499,581000,11600,11600
W1jet13,SMP-16-005,1707.05979,PRD 96 (2017) 072005,2.2,EW,W$ \! \geq \!$1j,13,,1.07244e+06,29370,29370,29370,29370,0,0,1.14397e+06,88546.9,88546.9
W2jetn,SMP-12-023,1406.7533,PLB 741 (2015) 12,5,EW,W$ \! \geq \!$2j,7,,95620,9957,9957,8523,8523,5147.85,5147.85,94600,6650,6650
W2jet8n,SMP-14-023,1610.04222,PRD 95 052002 (2017),19.6,EW,W$ \! \geq \!$2j,8,,130000,13800,13800,156,156,13799.1,13799.1,121000,4110,4110
W2jet13,SMP-16-005,1707.05979,PRD 96 (2017) 072005,2.2,EW,W$ \! \geq \!$2j,13,,239880,16761.6,16761.6,16761.6,16761.6,0,0,252558,22997.7,22997.7
W3jetn,SMP-12-023,1406.7533,PLB 741 (2015) 12,5,EW,W$ \! \geq \!$3j,7,,16550,2040,2040,2330,2330,nan,nan,16900,1600,1600
W3jet8n,SMP-14-023,1610.04222,PRD 95 052002 (2017),19.6,EW,W$ \! \geq \!$3j,8,,24500,3390,3390,75.2,75.2,3389.17,3389.17,22000,1560,1560
W3jet13,SMP-16-005,1707.05979,PRD 96 (2017) 072005,2.2,EW,W$ \! \geq \!$3j,13,,50458.2,4714.95,4714.95,4714.95,4714.95,0,0,52982.8,5516.84,5516.84
W4jetn,SMP-12-023,1406.7533,PLB 741 (2015) 12,5,EW,W$ \! \geq \!$4j,7,,2927,482,482,516,516,nan,nan,2600,320,320
W4jet8n,SMP-14-023,1610.04222,PRD 95 052002 (2017),19.6,EW,W$ \! \geq \!$4j,8,,4550,898,898,37.1,37.1,897.233,897.233,3170,369,369
W4jet13,SMP-16-005,1707.05979,PRD 96 (2017) 072005,2.2,EW,W$ \! \geq \!$4j,13,,11387.3,1463.35,1463.35,1463.35,1463.35,0,0,10228.1,997.195,997.195
W5jetn,SMP-12-023,1406.7533,PLB 741 (2015) 12,5,EW,W$ \! \geq \!$5j,7,,449,122,122,118,118,30.9839,30.9839,546,17,17
W5jet8n,SMP-14-023,1610.04222,PRD 95 052002 (2017),19.6,EW,W$ \! \geq \!$5j,8,,785,231,231,18.1,18.1,230.29,230.29,612,58.8,58.8
W5jet13,SMP-16-005,1707.05979,PRD 96 (2017) 072005,2.2,EW,W$ \! \geq \!$5j,13,,2800.5,496.71,496.71,496.71,496.71,0,0,2071.02,203.858,203.858
W6jetn,SMP-12-023,1406.7533,PLB 741 (2015) 12,5,EW,W$ \! \geq \!$6j,7,,67.39,25.68,25.68,22.93,22.93,11.5619,11.5619,86.7,2,2
W6jet8n,SMP-14-023,1610.04222,PRD 95 052002 (2017),19.6,EW,W$ \! \geq \!$6j,8,,120,65.3,65.3,8.79,8.79,64.7057,64.7057,110,24.9,24.9
W6jet13,SMP-16-005,1707.05979,PRD 96 (2017) 072005,2.2,EW,W$ \! \geq \!$6j,13,,590.264,159.609,159.609,159.609,159.609,0,0,409.315,31.5355,31.5355
W1cjet,SMP-12-002,1310.1138,JHEP 02 (2014) 013,5,EW,W$\:\!$c,7,,107700,7648.53,7648.53,3300,3300,6900,6900,109900,6400,6400
W1cjet8,SMP-18-013,2112.00895,EPJC 82 (2022) 1094,19.7,EW,W$\:\!$c,8,,117400,5433.23,5433.23,600,600,5400,5400,107500,6600,6500
W1cjet13,SMP-21-005,2308.02285,EPJC 84 (2024) 27,138,EW,W$\:\!$c,13,,163400,6220.13,6220.13,500,500,6200,6200,175200,9300,9300
W2bjet,SMP-12-026,1312.6608,PLB 735 (2014) 204,5,EW,W$\:\!$2b,7,,530,119.583,119.583,50,50,108.628,108.628,550,59.1608,59.1608
W2bjet8,SMP-14-020,1608.07561,EPJC 77 (2017) 92,19.8,EW,W$\:\!$2b,8,,620,122.066,122.066,30,30,118.322,118.322,510,63.2455,63.2455
Z276,HIN-13-004,1410.4825,JHEP 03 (2015) 022,0.0054,EW,Z,2.76,,298000,15000,15000,15000,15000,15000,15000,308478,1527.97,1098.81
Z5,To be submitted to JHEP,https://cds.cern.ch/record/2868090,,0.298,EW,Z,5.02,,669000,14456.8,14456.8,2000,2000,14317.8,14317.8,649652,3890.6,3441.87
Z5fid,To be submitted to JHEP,https://cds.cern.ch/record/2868090,,0.298,EW,Z,5.02,,319800,6378.87,6378.87,900,900,6315.06,6315.06,319500,3700,3700
Z,SMP-13-003,1310.7291,JHEP 10 (2011) 132,4.8,EW,Z,7,,986400,31256.2,31256.2,600,600,31250.4,31250.4,954320,6622.95,5682.13
Zfid,SMP-13-003,1310.7291,JHEP 10 (2011) 132,4.8,EW,Z,7,,524700,12643.6,12643.6,400,400,12637.2,12637.2,524760,16503.6,16503.6
Z8,SMP-12-011,1402.0923,PRL 112 (2014) 191802,0.018,EW,Z,8,,1.15e+06,37363.1,37363.1,10000,10000,36000,36000,1.10879e+06,8049.62,6822.19
Z8fid,SMP-12-011,1402.0923,PRL 112 (2014) 191802,0.018,EW,Z,8,,410000,17320.5,17320.5,10000,10000,14142.1,14142.1,400000,10000,10000
Z13,To be submitted to JHEP,https://cds.cern.ch/record/2868090,,0.206,EW,Z,13,,1.952e+06,48631.3,48631.3,4000,4000,48466.5,48466.5,1.87657e+06,15917.3,12471
Z13fid,To be submitted to JHEP,https://cds.cern.ch/record/2868090,,0.206,EW,Z,13,,754000,17378.1,17378.1,2000,2000,17262.7,17262.7,743000,18000,18000
Z136,SMP-22-017,https://cds.cern.ch/record/2868001,,5.04,EW,Z,13.6,,2.01e+06,49899.9,49899.9,1000,1000,49889.9,49889.9,1.99429e+06,17225.1,13372.1
Z136fid,SMP-22-017,https://cds.cern.ch/record/2868001,,5.04,EW,Z,13.6,,763500,18908.5,18908.5,400,400,18904.2,18904.2,767000,7900,6800
Z1jetn,SMP-12-017,1408.3104,PRD 91 (2015) 052008,5,EW,Z$ \! \geq \!$1j,7,,61430,3190,3190,3190,3190,nan,nan,63500,2653.77,2653.77
Z1jet8,SMP-14-013,1611.03844,JHEP 04 (2017) 022,19.6,EW,Z$ \! \geq \!$1j,8,,75537.7,3801.32,3801.32,100,100,3800,3800,76228.4,5400,5300
Z1jet13,SMP-16-015,1804.05252,EPJC 78 (2018) 965,2.19,EW,Z$ \! \geq \!$1j,13,,126200,7193.4,7193.4,290.26,290.26,7187.54,7187.54,132149,9510,9170
Z2jetn,SMP-12-017,1408.3104,PRD 91 (2015) 052008,5,EW,Z$ \! \geq \!$2j,7,,12910,1540,1540,1540,1540,nan,nan,11500,1882.15,1882.15
Z2jet8,SMP-14-013,1611.03844,JHEP 04 (2017) 022,19.6,EW,Z$ \! \geq \!$2j,8,,15637.7,1200,1200,1200,1200,1200,1200,15228.4,1400,1300
Z2jet13,SMP-16-015,1804.05252,EPJC 78 (2018) 965,2.19,EW,Z$ \! \geq \!$2j,13,,28300,2264,2264,147.16,147.16,2259.21,2259.21,29685.2,2780,2530
Z3jetn,SMP-12-017,1408.3104,PRD 91 (2015) 052008,5,EW,Z$ \! \geq \!$3j,7,,2500,380,380,380,380,nan,nan,2100,618.466,618.466
Z3jet8,SMP-14-013,1611.03844,JHEP 04 (2017) 022,19.6,EW,Z$ \! \geq \!$3j,8,,3037.7,290.689,290.689,20,20,290,290,2728.37,320,320
Z3jet13,SMP-16-015,1804.05252,EPJC 78 (2018) 965,2.19,EW,Z$ \! \geq \!$3j,13,,6010,661.1,661.1,66.11,66.11,657.786,657.786,6354.39,645,655
Z4jetn,SMP-12-017,1408.3104,PRD 91 (2015) 052008,5,EW,Z$ \! \geq \!$4j,7,,474,82,82,82,82,nan,nan,360,148.071,148.071
Z4jet8,SMP-14-013,1611.03844,JHEP 04 (2017) 022,19.6,EW,Z$ \! \geq \!$4j,8,,577.7,75.326,75.326,7,7,75,75,458.37,53,49
Z4jet13,SMP-16-015,1804.05252,EPJC 78 (2018) 965,2.19,EW,Z$ \! \geq \!$4j,13,,1330,159.6,159.6,37.24,37.24,155.195,155.195,1260,124,121
Z5jetn,SMP-12-017,1408.3104,PRD 91 (2015) 052008,5,EW,Z$ \! \geq \!$5j,7,,79,15,15,15,15,nan,nan,67,28.2312,28.2312
Z5jet8,SMP-14-013,1611.03844,JHEP 04 (2017) 022,19.6,EW,Z$ \! \geq \!$5j,8,,106.7,18.2483,18.2483,3,3,18,18,73.37,8.4,7.3
Z5jet13,SMP-16-015,1804.05252,EPJC 78 (2018) 965,2.19,EW,Z$ \! \geq \!$5j,13,,320,44.8,44.8,15.36,15.36,42.0846,42.0846,262,29.6,29.6
Z6jetn,SMP-12-017,1408.3104,PRD 91 (2015) 052008,5,EW,Z$ \! \geq \!$6j,7,,11.6,3.7,3.7,3.7,3.7,0.000419342,0.000419342,13.9,9.94636,9.94636
Z6jet8,SMP-14-013,1611.03844,JHEP 04 (2017) 022,19.6,EW,Z$ \! \geq \!$6j,8,,16.6,4.68402,4.68402,1.3,1.3,4.5,4.5,11.17,1.3,1.1
Z6jet13,SMP-16-015,1804.05252,EPJC 78 (2018) 965,2.19,EW,Z$ \! \geq \!$6j,13,,45,10.8,10.8,6.75,6.75,8.43075,8.43075,55.2,5.82,5.44
Z7jet8,SMP-14-013,1611.03844,JHEP 04 (2017) 022,19.6,EW,Z$ \! \geq \!$7j,8,,2.3,0.787464,0.787464,0.6,0.6,0.51,0.51,1.57,0.19,0.13
Z1cjet8,SMP-15-009,1711.02143,EPJC 78 (2018) 287,19.6,EW,Z$\:\!$c,8,,8800,781.025,781.025,500,500,600,600,9460,523.546,523.546
Z1cjet13,SMP-19-011,2012.04119,JHEP 04 (2021) 109,35.9,EW,Z$\:\!$c,13,,13621.4,817.944,817.944,188.16,188.16,796.008,796.008,17636.6,393.12,393.12
Z1bjet,SMP-13-004,1402.1521,JHEP 06 (2014) 120,5,EW,Z$ \! \geq \!$1b,7,,3880,220,220,20,20,219.089,219.089,3990,270,270
Z1bjet8,SMP-14-010,1611.06507,EPJC 77 (2017) 751,19.6,EW,Z$ \! \geq \!$1b,8,,3550,210,210,120,120,172.337,172.337,4230,370,270
Z1bjet13,SMP-20-015,2112.09659,PRD 105 (2022) 092014,137,EW,Z$ \! \geq \!$1b,13,,6520,425.676,425.676,40,40,423.792,423.792,7030,470,470
Z2bjet,SMP-13-004,1402.1521,JHEP 06 (2014) 120,5,EW,Z$ \! \geq \!$2b,7,,360,70,70,10,10,69.282,69.282,290,40,40
Z2bjet8,SMP-14-010,1611.06507,EPJC 77 (2017) 751,19.6,EW,Z$ \! \geq \!$2b,8,,331,35,35,11,11,33.2265,33.2265,356,31,30
Z2bjet13,SMP-20-015,2112.09659,PRD 105 (2022) 092014,137,EW,Z$ \! \geq \!$2b,13,,650,78.7401,78.7401,30,30,72.8011,72.8011,770,70,70
Wg,EWK-11-009,1308.6832,PRD 89 (2014) 092005,5.0,DB,W$\gamma$,7,,37000,4156.71,4156.71,800,800,4079,4079,31810,1800,1800
Wg13,SMP-19-002,2102.02283,PRL 126 252002 (2021),137,DB,W$\gamma$,13,,15580,746.927,746.927,50,50,745.252,745.252,15400,1204.16,1204.16
Wg2jet13,SMP-20-011,2212.12592,PRD 108 (2023) 032017,138,DB,W$\gamma \! \geq \!$2j,13,,113,13.3525,13.3884,2,2,13.2019,13.2382,115.306,10,10
Zg,EWK-11-009,1308.6832,PRD 89 (2014) 092005,5.0,DB,Z$\gamma$,7,,5330,288.609,288.609,80,80,277.3,277.3,5450,270,270
Zg8,SMP-13-014,1502.05664,JHEP 04 (2015) 164,19.5,DB,Z$\gamma$,8,,2063,113.495,113.495,19,19,111.893,111.893,2100,120,120
Zg2jet13,SMP-20-016,2106.11082,PRD 104 072001 (2021),137,DB,Z$\gamma \! \geq \!$2j,13,,14.7,1.49251,1.49251,0.8,0.8,1.26,1.26,13.3,0.1,1.72
WW5,SMP-20-012,2107.01137,PRL 127 (2021) 191801,0.302,DB,WW,5.02,,37000,5970.34,5970.34,5200,5500,2600,2700,29810,630,690
WW,SMP-12-005,1306.1126,EPJC 73 (2013) 2610,4.9,DB,WW,7,,52400,5068.3,5068.3,2000,2000,4657,4657,50300,1100,1200
WW8,SMP-14-016,1507.03268,EPJC 76 (2016) 401,19.4,DB,WW,8,,60100,4818.71,4818.71,900,900,4733.92,4733.92,61500,1300,1600
WW13,SMP-18-004,2009.00119,PRD 102 092001 (2020),35.9,DB,WW,13,,117600,6786.75,6786.75,1400,1400,6640.78,6640.78,122500,3200,3500
WW0jet13,SMP-18-004,2009.00119,PRD 102 092001 (2020),35.9,DB,WW$ \! + $0j,13,,90904.8,8870.03,8870.03,940.8,940.8,8820,8820,79239.6,6940.4,6940.4
WW1jet13,SMP-18-004,2009.00119,PRD 102 092001 (2020),35.9,DB,WW$\:\!$1j,13,,22696.8,5123.37,5123.37,823.2,823.2,5056.8,5056.8,79239.6,4007.63,4007.63
WW2jet13,SMP-18-004,2009.00119,PRD 102 092001 (2020),35.9,DB,WW$ \! \geq \!$2j,13,,3998.4,3944.42,3944.42,705.6,705.6,3880.8,3880.8,8910,3169.98,3169.98
WZ5,SMP-20-012,2107.01137,PRL 127 (2021) 191801,0.302,DB,WZ,5.02,,6400,2334.52,2334.52,2100,2500,300,500,11300,200,160
WZ,SMP-14-014,1609.05721,EPJC 77 (2017) 236,4.9,DB,WZ,7,,20140,1792.46,1792.46,1320,1320,1212.64,1212.64,19810,350,320
WZ8,SMP-14-014,1609.05721,EPJC 77 (2017) 236,19.6,DB,WZ,8,,24090,1792.46,1792.46,870,870,1738.19,1738.19,24490,430,420
WZ13,SMP-20-014,2110.11231,JHEP 07 (2022) 032,137,DB,WZ,13,,50600,2718.46,2718.46,800,800,2598.08,2598.08,50800,1000,1100
WZ0jet8,SMP-14-014,1609.05721,EPJC 77 (2017) 236,19.6,DB,WZ$ \! + $0j,8,,58.7098,7.92566,7.92566,7.0888,7.0888,3.54472,3.54472,52.8922,0.0181764,0.0181764
WZ1jet8,SMP-14-014,1609.05721,EPJC 77 (2017) 236,19.6,DB,WZ$\:$j,8,,19.1579,4.48497,4.48497,4.03516,4.03516,1.95766,1.95766,22.3606,0.109058,0.109058
WZ2jet8,SMP-14-014,1609.05721,EPJC 77 (2017) 236,19.6,DB,WZ$\:\!$2j,8,,7.67044,2.69967,2.69967,2.50834,2.50834,0.998214,0.998214,3.37829,0.0363528,0.0363528
ZZ5,SMP-20-012,2107.01137,PRL 127 (2021) 191801,0.302,DB,ZZ,5.02,,5300,2343.61,2343.61,2100,2500,400,500,3481,83,97
ZZ,SMP-12-007,1211.4890,JHEP 01 (2013) 063,4.9,DB,ZZ,7,,6240,962.945,962.945,860,860,433.2,433.2,6260,190,240
ZZ8,SMP-13-005,1406.0113,PLB 740 (2015) 250,19.6,DB,ZZ,8,,7700,807.752,807.752,500,500,634.4,634.4,7570,250,320
ZZ13,SMP-19-001,2009.01186,EPJC 81 (2021) 200,137,DB,ZZ,13,,17200,768.115,768.115,300,300,707.107,707.107,16500,500,600
ZZ0jet8,SMP-17-005,1806.11073,PLB 789 (2019) 19,19.7,DB,ZZ$ \! = $0j,8,,16.3,1.58205,1.58205,1.2,1.2,0.984886,1.07703,13.2,0.7,0.9
ZZ0jet13,SMP-22-001,2404.02711,Submitted to JHEP,138,DB,ZZ$ \! = $0j,13,,26.8588,1.36744,1.36744,1.28412,1.45077,0,0,26.7607,0.392099,0.392099
ZZ1jet8,SMP-17-005,1806.11073,PLB 789 (2019) 19,19.7,DB,ZZ$\:$j,8,,3.2,0.678233,0.678233,0.6,0.6,0.316228,0.316228,4,0.3,0.5
ZZ1jet13,SMP-22-001,2404.02711,Submitted to JHEP,138,DB,ZZ$\:$j,13,,7.26363,0.735185,0.735185,0.764593,0.705778,0,0,8.7438,0.196049,0.196049
ZZ2jet8,SMP-17-005,1806.11073,PLB 789 (2019) 19,19.7,DB,ZZ$\:$2j,8,,0.8,0.316228,0.316228,0.3,0.3,0.1,0.1,1.2,0.1,0.2
ZZ2jet13,SMP-22-001,2404.02711,Submitted to JHEP,138,DB,ZZ$\:$2j,13,,3.39165,0.401901,0.372494,0.401901,0.372494,0,0,2.95054,0.0980247,0.0980247
ZZ3jet8,SMP-17-005,1806.11073,PLB 789 (2019) 19,19.7,DB,ZZ$ \geq \!$3j,8,,0.14,0.100499,0.100499,0.1,0.1,0.01,0.01,0.3,0.1,0.1
ZZ3jet13,SMP-22-001,2404.02711,Submitted to JHEP,138,DB,ZZ$\geq \!$3j,13,,1.95069,0.372494,0.372494,0.372494,0.372494,0,0,1.29393,0.0686173,0.0686173
VBFW8,SMP-13-012,1607.06975,JHEP 11 (2016) 147,19.3,VBS,VBF W,8,,420,98.9949,98.9949,40,40,90.5538,90.5538,500,28.2843,28.2843
VBFW13,SMP-17-011,1903.04040,EPJC 80 (2020) 43,35.9,VBS,VBF W,13,,6230,621.691,621.691,120,120,610,610,6810,266.833,261.725
VBFZ,FSQ-12-019,1305.7389,JHEP 10 (2013) 101,5.0,VBS,VBF Z,7,,154,58.5662,58.5662,24,24,53.4228,53.4228,166,6,6
VBFZ8,FSQ-12-035,1410.3153,EPJC 75 (2015) 66,19.7,VBS,VBF Z,8,,174,42.72,42.72,15,15,40,40,208,18,18
VBFZ13,SMP-16-018,1712.09814,EPJC 78 (2018) 589,35.9,VBS,VBF Z,13,,534,60.407,60.407,20,20,57,57,543,23.7697,23.0868
VVV13,SMP-19-014,2006.11191,PRL 125 151802 (2020),137,TB,VVV,13,,1010,233.238,258.07,200,210,120,150,992.1,10,10
WWW13,SMP-19-014,2006.11191,PRL 125 151802 (2020),137,TB,WWW,13,,590,198.494,226.274,150,160,130,160,509.4,10,10
WWZ13,SMP-19-014,2006.11191,PRL 125 151802 (2020),137,TB,WWZ,13,,300,107.703,130,100,120,40,50,354,3.5,3.5
WZZ13,SMP-19-014,2006.11191,PRL 125 151802 (2020),137,TB,WZZ,13,,200,111.803,174.643,110,160,20,70,91.6,0.92,0.92
ZZZ13,SMP-19-014,2006.11191,PRL 125 151802 (2020),137,TB,ZZZ,13,,200,0,0,0,0,0,0,37.1,0.37,0.37
WVg,SMP-13-009,1404.4619,PRD 90 032008 (2014),19.3,TB,WV$\gamma$,8,,311,0,0,0,0,0,0,91.6,21.7,21.7
Wgg8,SMP-15-008,1704.00366,JHEP 10 (2017) 072,19.4,TB,W$\gamma\gamma$,8,,4.9,2.12838,2.12838,1.4,1.4,1.60312,1.60312,4.76,0.53,0.53
Wgg13,SMP-19-013,2105.12780,JHEP 10 (2021) 174,137,TB,W$\gamma\gamma$,13,,13.63,4.44285,4.47805,1.89,1.93,4.0208,4.04079,18.7,0.123693,0.123693
WWg13,SMP-22-006,2310.05164,PRL 132 (2024) 121901,138,TB,WW$\gamma$,13,,6,1.67631,1.67631,1,1,1.34536,1.34536,4.61,0.343657,0.343657
Zgg8,SMP-15-008,1704.00366,JHEP 10 (2017) 072,19.4,TB,Z$\gamma\gamma$,8,,12.7,2.3,2.3,1.4,1.4,1.82483,1.82483,12.95,1.47,1.47
Zgg13,SMP-19-013,2105.12780,JHEP 10 (2021) 174,137,TB,Z$\gamma\gamma$,13,,5.41,0.892244,0.865794,0.55,0.58,0.702567,0.642806,5.96,0.0608276,0.0608276
EWKWV13,SMP-20-013,2112.05259,PLB 834 (2022) 137438,138,VBS,EW WV,13,,1895.5,482.582,501.13,267.6,267.6,379.1,423.7,2230,120.83,94.3398
EWKWg8,SMP-14-011,1612.09256,JHEP 06 (2017) 106,19.7,VBS,EW qqW$\gamma$,8,,10.8,5.33479,5.33479,4.1,4.1,3.41321,3.41321,6.1,1.21655,1.21655
EWKWg13,SMP-21-011,2212.12592,PRD 108 032017,138,VBS,EW qqW$\gamma$,13,,23.5,4.79445,4.79445,2.8,2.8,3.80132,3.98246,26.384,2.3,2.3
exWW8,FSQ-13-008,1604.04464,JHEP 08 (2016) 119,19.7,VBS,ex. $\gamma\gamma\rightarrow$WW,8,,21.6,9.2,9.2,9.2,9.2,9.2,9.2,12.4,1,1
EWKWW13,SMP-21-0011,2205.05711,PLB 841 (2023) 137495,138,VBS,EW os WW,13,,10.2,2,2,1.3362,1.3362,1.5198,1.5198,9.1,0.6,0.6
SSWW8,SMP-13-015,1410.6315,PRL 114 051801 (2015),19.4,VBS,EW ss WW,8,,4,2.43772,2.43772,2.2,2.2,1.05,1.05,5.8,1.2,1.2
SSWW13,SMP-19-012,2005.01173,PLB 809 (2020) 135710,137,VBS,EW ss WW,13,,3.98,0.446542,0.446542,0.37,0.37,0.25,0.25,3.31,0.47,0.47
EWKZg8,SMP-14-018,1702.03025,PLB 770 (2017) 380,19.7,VBS,EW qqZ$\gamma$,8,,1.86,0.940957,1.10009,0.75,0.89,0.568243,0.646607,1.26,0.12083,0.12083
EWKZg13,SMP-20-016,2106.11082,PRD 104 072001 (2021),137,VBS,EW qqZ$\gamma$,13,,5.21,0.764199,0.764199,0.52,0.52,0.56,0.56,4.34,0.266833,0.266833
EWKWZ13,SMP-19-012,2005.01173,PLB 809 (2020) 135710,137,VBS,EW qqWZ,13,,1.81,0.41,0.41,0.39,0.39,0.14,0.14,1.24,0.18,0.18
EWKZZ13,SMP-20-001,2008.07013,PLB 812 (2020) 135992,137,VBS,EW qqZZ,13,,0.33,0.104403,0.117047,0.1,0.11,0.03,0.04,0.278,0.017,0.017
tt5,TOP-20-004,2112.09114,JHEP 04 (2022) 144,0.302,TOP,$\mathrm{t\bar{t}}$,5.02,,63000,5080.35,5080.35,4100,4100,3000,3000,66800,3100,2900
tt,TOP-13-004,1603.02303,JHEP 08 (2016) 029,5,TOP,$\mathrm{t\bar{t}}$,7,,173600,6232.98,6253,2100,2100,5868.56,5889.82,177300,10816.7,10153.3
tt8,TOP-13-004,1603.02303,JHEP 08 (2016) 029,19.7,TOP,$\mathrm{t\bar{t}}$,8,,244900,8553.95,9089,1400,1400,8438.6,8980.53,252900,14520.7,13336
tt13,TOP-20-001,2108.02803,PRD 104 (2021) 092013,137,TOP,$\mathrm{t\bar{t}}$,13,,791000,25218.3,25245.7,560,560,25212.1,25239.5,832000,46000,40000
tt136,TOP-22-012,2303.10680,JHEP 08 (2023) 204,1.21,TOP,$\mathrm{t\bar{t}}$,13.6,,882000,30479.5,30479.5,23000,23000,20000,20000,921000,37000,29000
tt0jet13,TOP-16-008,1610.04191,PRD 95 092001 (2017),2.3,TOP,$\mathrm{t\bar{t}} = \!$0j,13,,94000,7280.11,7280.11,2000,2000,7000,7000,100000,9000,9000
tt1jet13,TOP-16-008,1610.04191,PRD 95 092001 (2017),2.3,TOP,$\mathrm{t\bar{t}}\:$1j,13,,74000,10198,10198,2000,2000,10000,10000,72960,8630,8630
tt2jet13,TOP-16-008,1610.04191,PRD 95 092001 (2017),2.3,TOP,$\mathrm{t\bar{t}}\:$2j,13,,35100,5787.05,5787.05,1000,1000,5700,5700,36930,4900,4900
tt3jet13,TOP-16-008,1610.04191,PRD 95 092001 (2017),2.3,TOP,$\mathrm{t\bar{t}}\:$3j,13,,12300,3157.53,3157.53,600,600,3100,3100,15170,2490,2490
tt4jet13,TOP-16-008,1610.04191,PRD 95 092001 (2017),2.3,TOP,$\mathrm{t\bar{t}} \! \geq \! $4j,13,,5800,2009.98,2009.98,200,200,2000,2000,8060,1970,1970
tt2cjet13,TOP-20-003,2012.09225,PLB 820 (2021) 136565,41.5,TOP,$\mathrm{t\bar{t}}\:$2c,13,,8000,1702.94,1702.94,1100,1100,1300,1300,8900,1500,1500
tt2bjet13,TOP-20-003,2012.09225,PLB 820 (2021) 136565,35.9,TOP,$\mathrm{t\bar{t}}\:$2b,13,,4090,646.607,646.607,340,340,550,550,3390,660,660
t,TOP-11-021,1209.4533,JHEP 12 (2012) 035,1.6,TOP,t$_{t-ch}$,7,,67200,6100,6100,3700,3700,4847.68,4847.68,65900,1900,2400
t8,TOP-12-038,1403.7366,JHEP 06 (2014) 090,5,TOP,t$_{t-ch}$,8,,83600,7749.19,7749.19,2300,2300,7400,7400,87200,2416.61,3440.93
t13,TOP-16-003,1610.00678,PLB 72 (2017) 752,2.3,TOP,t$_{t-ch}$,13,,232000,32015.6,32034.4,13000,13000,29257.5,29278,217000,7720.1,9055.39
tW,TOP-11-022,1209.3489,PRL 110 (2013) 022003,4.9,TOP,tW,7,,16000,4000,5000,4000,5000,0,0,15600,1264.91,1077.03
tW8,TOP-12-040,1401.2942,PRL 112 (2014) 231802,19.7,TOP,tW,8,,23400,5400,5400,5400,5400,0,0,22200,1500,1500
tW13,TOP-17-018,1805.07399,JHEP 10 (2018) 117,35.9,TOP,tW,13,,63100,6972.09,6972.09,1800,1800,6735.73,6735.73,71700,3847.08,3847.08
tschan8,TOP-13-009,1603.02555,JHEP 09 (2016) 027,19.7,TOP,t$_{s-ch}$,8,,13400,5161.88,5161.88,3650,3650,3650,3650,5550,224.722,224.722
ttg8,TOP-14-008,1706.08128,JHEP 10 (2017) 006,19.7,TOP,$\mathrm{t\bar{t}}\gamma$,8,,127,27,27,27,27,0,0,140.896,18.3445,18.3445
ttg13,TOP-21-004,2201.07301,JHEP 05 (2022) 091,138,TOP,$\mathrm{t\bar{t}}\gamma$,13,,175.2,6.77791,6.77791,2.5,2.5,6.3,6.3,155,27,27
tZq8,TOP-12-039,1702.01404,JHEP 07 (2017) 003,19.7,TOP,tZq,8,,10,7,8,7,8,0,0,8.2,0.82,0.82
tZq13,TOP-20-010,2111.02860,JHEP 02 (2022) 107,138,TOP,tZq,13,,87.9,9.44934,10.4661,7.3,7.5,6,7.3,94.2,3.08058,3.14006
ttZ,TOP-12-014,1303.3239,PRL 110 (2013) 172002,5,TOP,$\mathrm{t\bar{t}Z}$,7,,280,114.018,152.315,110,140,30,60,137,16,12
ttZ8,TOP-14-021,1510.01131,JHEP 01 (2016) 096,19.8,TOP,$\mathrm{t\bar{t}Z}$,8,,242,55,65,55,65,0,0,206,24,19
ttZ13,TOP-18-009,1907.11270,JHEP 03 (2020) 056,77.5,TOP,$\mathrm{t\bar{t}Z}$,13,,950,78.1025,78.1025,50,50,60,60,860,85.44,76.1577
tg13,TOP-17-016,1808.02913,PRL 121 221802 (2018),35.9,TOP,t$\gamma$,13,,115,34.4819,34.4819,17,17,30,30,81,4,4
ttW8,TOP-14-021,1510.01131,JHEP 01 (2016) 096,19.5,TOP,$\mathrm{t\bar{t}W}$,8,,382,102,117,102,117,0,0,203,23,21
ttW13,TOP-21-011,2208.06485,JHEP 07 (2023) 219,138,TOP,$\mathrm{t\bar{t}W}$,13,,868,64.8151,64.8151,40,40,51,51,592,96.7471,155.464
tWZ13,TOP-22-008,2312.11668,Submitted to PLB,138,TOP,tWZ,13,,354,111.414,111.893,53,54,98,98,136,8,9
tttt13,TOP-21-005,2305.13439,PLB 847 (2023) 138290,138,TOP,$\mathrm{t\bar{t}t\bar{t}}$,13,,17.7,3.98246,4.3566,3.5,3.7,1.9,2.3,13.4,1.8,1
ggH,HIG-14-009,1412.8662,EPJC 75 (2015) 212,5.1,HIG,ggH,7,,15583.9,4992.9,5598.1,4992.9,5598.1,0,0,15130,1596.22,1573.52
ggH8,HIG-14-009,1412.8662,EPJC 75 (2015) 212,19.5,HIG,ggH,8,,15223.3,3275.9,3661.3,3275.9,3661.3,0,0,19270,2006.01,2004.08
ggH13,HIG-22-001,https://doi.org/10.1038/s41586-022-04892-x,Nature 607 60 (2022),139,HIG,ggH,13,,47600,2842.53,2842.53,1800,1800,2200,2200,48796,2461.66,2461.66
VBFH,HIG-14-009,1412.8662,EPJC 75 (2015) 212,5.1,HIG,VBF qqH,7,,2162.94,1099.8,1209.78,1099.8,1209.78,0,0,1222,37.5735,37.5576
VBFH8,HIG-14-009,1412.8662,EPJC 75 (2015) 212,19.5,HIG,VBF qqH,8,,1609.56,568.08,615.42,568.08,615.42,0,0,1578,48.5542,48.5798
VBFH13,HIG-22-001,https://doi.org/10.1038/s41586-022-04892-x,Nature 607 60 (2022),138,HIG,VBF qqH,13,,2940,452.217,452.217,370,370,260,260,3771,80.1628,80.8341
VH8,HIG-14-009,1412.8662,EPJC 75 (2015) 212,19.5,HIG,VH,8,,1075.1,436.761,459.159,436.761,459.159,0,0,1119.9,34.2144,34.2144
WH13,HIG-22-001,https://doi.org/10.1038/s41586-022-04892-x,Nature 607 60 (2022),138,HIG,WH,13,,1950,350,350,280,280,210,210,1359,27.5177,26.7001
ZH13,HIG-22-001,https://doi.org/10.1038/s41586-022-04892-x,Nature 607 60 (2022),138,HIG,ZH,13,,1120,205.913,205.913,180,180,100,100,877,29.818,36.1596
ttH8,HIG-14-009,1412.8662,EPJC 75 (2015) 212,19.5,HIG,$\mathrm{t\bar{t}H}$,8,,422.811,134.472,155.16,134.472,155.16,0,0,129.3,10.79,7.76017
ttH13,HIG-22-001,https://doi.org/10.1038/s41586-022-04892-x,Nature 607 60 (2022),138,HIG,$\mathrm{t\bar{t}H}$,13,,467,90.2109,90.2109,73,73,53,53,503,49.6927,34.7653
tH13,HIG-22-001,https://doi.org/10.1038/s41586-022-04892-x,Nature 607 60 (2022),138,HIG,tH,13,,540,230.217,230.217,190,190,130,130,92,13,6.96106
HHComb13,HIG-22-001,https://doi.org/10.1038/s41586-022-04892-x,Nature 607 60 (2022),138,HIG,HH,13,,114.002,0,0,0,0,0,0,33.53,2.44792,2.82151
H0jet13,HIG-17-028,1812.06504,PLB 792 (2019) 369,35.9,HIG,H$ = $0j,13,,47000,6400,6200,6400,6200,0,0,35710,2305.44,2305.44
H1jet13,HIG-17-028,1812.06504,PLB 792 (2019) 369,35.9,HIG,H$\:$j,13,,11000,3400,3700,3400,3700,0,0,14030,1088.17,1088.17
H2jet13,HIG-17-028,1812.06504,PLB 792 (2019) 369,35.9,HIG,H$\:$2j,13,,3500,1700,1900,1700,1900,0,0,4153,421.114,421.114
H3jet13,HIG-17-028,1812.06504,PLB 792 (2019) 369,35.9,HIG,H$\:$3j,13,,1800,1500,1700,1500,1700,0,0,1098,146.144,146.144
H4jet13,HIG-17-028,1812.06504,PLB 792 (2019) 369,35.9,HIG,H$ \! \geq \!$4j,13,,1200,880,830,880,830,0,0,635.7,71.0077,71.0077
